{"cameraMode":{"drawMode":0,"name":"Shaded","section":"Shading Mode"},"sceneLighting":true,"audioPlay":false,"sceneViewState":{"showFog":true,"showMaterialUpdate":false,"showSkybox":true,"showFlares":true,"showImageEffects":true,"showParticleSystems":true},"in2DMode":false,"pivot":{"x":-0.10491752624511719,"y":1.3178529739379883,"z":3.3156495094299318},"rotation":{"x":-0.11131645739078522,"y":-0.5168792605400086,"z":0.0679914727807045,"w":-0.8460772633552551},"size":10.808838844299317,"orthographic":false}