{"cameraMode":{"drawMode":0,"name":"Shaded","section":"Shading Mode"},"sceneLighting":true,"audioPlay":false,"sceneViewState":{"showFog":true,"showMaterialUpdate":false,"showSkybox":true,"showFlares":true,"showImageEffects":true,"showParticleSystems":true},"in2DMode":false,"pivot":{"x":4.843240737915039,"y":-2.621486186981201,"z":0.7704606056213379},"rotation":{"x":0.05405434966087341,"y":0.885945200920105,"z":-0.44814443588256838,"w":0.10680191963911057},"size":5.381953716278076,"orthographic":false}