{"cameraMode":{"drawMode":0,"name":"Shaded","section":"Shading Mode"},"sceneLighting":true,"audioPlay":false,"sceneViewState":{"showFog":true,"showMaterialUpdate":false,"showSkybox":true,"showFlares":true,"showImageEffects":true,"showParticleSystems":true},"in2DMode":false,"pivot":{"x":7.60399055480957,"y":-1.7469840049743653,"z":-1.3270149230957032},"rotation":{"x":-0.041902944445610049,"y":0.9525253772735596,"z":-0.2593270242214203,"w":-0.15391239523887635},"size":8.60787296295166,"orthographic":false}