{"cameraMode":{"drawMode":0,"name":"Shaded","section":"Shading Mode"},"sceneLighting":true,"audioPlay":false,"sceneViewState":{"showFog":true,"showMaterialUpdate":false,"showSkybox":true,"showFlares":true,"showImageEffects":true,"showParticleSystems":true},"in2DMode":false,"pivot":{"x":1.5094285011291505,"y":1.649240255355835,"z":-2.306406021118164},"rotation":{"x":-0.24830469489097596,"y":0.20360690355300904,"z":-0.05346938222646713,"w":-0.9455327391624451},"size":6.06941032409668,"orthographic":false}