{"cameraMode":{"drawMode":0,"name":"Shaded","section":"Shading Mode"},"sceneLighting":true,"audioPlay":false,"sceneViewState":{"showFog":true,"showMaterialUpdate":false,"showSkybox":true,"showFlares":true,"showImageEffects":true,"showParticleSystems":true},"in2DMode":false,"pivot":{"x":-0.35640525817871096,"y":0.4798407554626465,"z":-0.5156097412109375},"rotation":{"x":-0.12133202701807022,"y":-0.36397990584373476,"z":0.047880347818136218,"w":-0.9222363233566284},"size":9.267855644226075,"orthographic":false}